"prodTransactionId","newTransactionId","executionStartTime"
"P06SRSV0G4UBTFYGGMQRY","PKQLFNX1OJMEVXCY3WLQG","2020/06/05 17:16:29"
"P1SURYH5YZW3VQZ4N9HTK","PCZUO26ZDSEDIX236SNTX","2020/06/05 17:16:51"
"P1X1XOIW0DPQ07YSG2AQB","PNAANFG7MUE1B8I4CDOQP","2020/06/05 17:17:10"
"P2536JFCU9WNBKZWBZXLB","PXYXMSI3RWMZLONY8PCEQ","2020/06/05 17:17:46"
"P25ZTAFNIXZUMHHXAGDNX","PBBZFTO516DZNOIEFEIEH","2020/06/05 17:18:07"
"P2BGIRCQS0YJI6O62QVKX","PGIZN6OLFQ1NGMAOSZD58","2020/06/05 17:18:35"
"P3ALABEIARKXKHUAEKP4U","PN5LUCDU9WQMOEBGSA3LF","2020/06/05 17:18:55"
"P3BBVFDLTWGS0YPWUZMIV","PQGETKVLJAT8UWEEWX8EB","2020/06/05 17:19:13"
"P3QDXAH2DTS2NOLWFW1HC","POUPANK51DQIQEO8TFRU3","2020/06/05 17:19:33"
"P41LDNGXJPKUDDANYENUH","PS5FIPQSPBHYMM3NWBKQG","2020/06/05 17:19:54"
"P4897X7ULCLWTDH8RPOGM","PUIEI6RXJV1JBJEMVGCBP","2020/06/05 17:20:13"
"P4AWYJ1NHC7QYFDHWW509","PNXT0H44XHUUUNFZZXKVL","2020/06/05 17:20:31"
"P5KICVODJZUWIQ2KVGTUW","PFP4RUXLQC8DTEW8RQW1H","2020/06/05 17:20:44"
"P5YZPB4SDKWOKGZDMC0MW","PQVD52AOZXNNCKBERNVV1","2020/06/05 17:20:57"
"P6AJFHP9JVTDEPBA3NZRL","PXNY0SLDSG47H4LARJQJA","2020/06/05 17:21:21"
"P73H7DWRSGUKUQQJFDMBT","PD2IFTTNUSPICHNRATGIZ","2020/06/05 17:21:38"
"P7QF8JT1MFCIBCROQUMLC","PHECVQJTQJ8QEDDRBUJFC","2020/06/05 17:21:50"
"P8TSRWSMANVAIRXLOOLL1","PGY24WQAKNAPC0BPDYF53","2020/06/05 17:22:09"
"P8ZUGIEKG4YIJI1KKYB6F","P8D44RYEFHVZ1KVYPRBNO","2020/06/05 17:22:29"
"P93ANJQU2HMOQKUDTFJTX","PC6HBE3JYD1HCEOIT8OQI","2020/06/05 17:22:47"
"PA1FAWE1GGXUAQXSAQHBV","PKVAFPDDCZXHJS8JJCNHY","2020/06/05 17:23:05"
"PACOA0C1KQBPC8JU99JDX","PE1IV1LXFKNSP4HOLEM3Q","2020/06/05 17:23:25"
"PAKJ6CGJIU0L5I6GY0MYB","PSQRQ6REWCEKY7CSCTZEE","2020/06/05 17:23:44"
"PAUOYLNNXHR5A2LYMXQ0C","PVBUJB724DRYFZH8TU3S3","2020/06/05 17:24:04"
"PAXYJFDCPYROUB1RG30HA","P9OQ7TJLMRV8WCIC0S6GL","2020/06/05 17:24:25"
"PBBXJZGEGCGAEK4FVF7Q1","PBHS71IX0PZGLAVYTIL3Y","2020/06/05 17:24:42"
"PBT27ZFLHSJFO94G0BUG2","PSOX8BVKYNI1HTTRNPLDM","2020/06/05 17:24:59"
"PBYCMEAGXW4TEWH574GDM","PAIOS0STRA0HUEIM823MN","2020/06/05 17:25:22"
"PCMFPJK1NXYYMPUR6IVS8","PSRXJOIAS0SLBZUCFODSH","2020/06/05 17:25:37"
"PCOEVH9X1FMYMYNNV9FLD","PQEEYWMY9CUQGKACC6G4W","2020/06/05 17:26:02"
"PDEQPTRKIFHBVKQKBRICQ","PYSFHE46FZEOMJACGLGTV","2020/06/05 17:26:21"
"PDFLSKPTRCMYMGIA7F4BI","PG74AZ4QLWXIR0PJ3AQYW","2020/06/05 17:26:40"
"PDTBQDQG7DDBWZUWUB1KT","PXW8YW6RWVFFRPWII2URB","2020/06/05 17:27:14"
"PDWYE7FVYOCCIZKH0LSV8","PNMVE81YAT574PYBFXJE0","2020/06/05 17:27:30"
"PE97WZN9E81917LFP9V9M","PRWYFUCNOCTTTTTXYPUCG","2020/06/05 17:27:52"
"PEAFZQKLERF6EFIZA2TIZ","P2PZJVSD7O9HCJNBE5DDR","2020/06/05 17:28:09"
"PEEHGVCJ70JTSMZEOJPTR","PIPC0NIES4VFHLIX4OT1Y","2020/06/05 17:28:24"
"PEHALFMQ1TJBIZFHB5GGF","P7K2H8QXJ8PDQOJUM9CLQ","2020/06/05 17:28:44"
"PEMFXMJKOVOIH3GT1TOQD","PSJXQ52RP3TI5COAATB1E","2020/06/05 17:29:01"
"PERYA2POV5VEJYIQLXESO","POIUHCLIXXYMNLRXHBVFS","2020/06/05 17:29:19"
"PEU1VPIK3PF4EWXOMG49J","PEHO7FXFXEBAB7JNYGXAX","2020/06/05 17:29:38"
"PF1I88IVJYWNPFYMKNQD1","PTJCMCIZPGCJTNJ9LQA8Q","2020/06/05 17:29:57"
"PFJJNKIF0IBKK7AQBNR1I","PLPEFTZSMUCAT9APUFEGE","2020/06/05 17:30:29"
"PFOKLSJPOCUCRIGDUX8EI","PAH8VHDPV95U5Y6MACOIL","2020/06/05 17:30:50"
"PFUPKWJLUXRUJNKK77NPE","PRYTJBFKSLLOSATTKK84U","2020/06/05 17:31:10"
"PG9NY3GNTZ5BOZIQWGJWN","PYR46PIQD1WTW0CQYNJIL","2020/06/05 17:31:27"
"PGGJKOQIZXVXPWQTYJQEK","PWWHZBXX0XY5EEQFOHGHM","2020/06/05 17:31:42"
"PGNORJWUBQX4NXSBT5DLG","PYIO5DH0HWYHIQBAKDMQP","2020/06/05 17:31:56"
"PGQZ7HMNMX7BCO4S7LKSJ","PSZT77TOITPH3UTWTXRE6","2020/06/05 17:32:19"
"PGUMGJDM0CHNETVOQP1MJ","PYHYBXPYMI2VXE0XOSVWR","2020/06/05 17:32:38"
"PH0VY0NZ5XKVLOA8MFWKS","PGLLM8OGPDKRY5HMJAFTY","2020/06/05 17:32:56"
"PHFIMBTIRNVFDVAFGVCKH","PXB8LHMPAWMLXALWFNTDO","2020/06/05 17:33:17"
"PHGRGSGWWBUESQ8E261YF","PS32WCZZF5GGX6EVF2U9P","2020/06/05 17:33:34"
"PHGUHAMFEJ65HEW7CGHUD","PZ3DOBX2DLAVEU34T75LZ","2020/06/05 17:33:48"
"PHTFD7QVCBPR3LGKHTOHJ","PY8LLQMBES7VTARXN9SXB","2020/06/05 17:34:07"
"PI1LKKYFSICUASAIRPUF9","PVMGMUEBNV4TIO6PZCAGS","2020/06/05 17:34:26"
"PI3XIJ7TXZHBMT79IEBKX","PDMIKZZEAVNJG8CFQKMHI","2020/06/05 17:34:51"
"PIGNGGFVOQRLFDRAYZ07T","PRUIXHIZCM18YYAVTLKQM","2020/06/05 17:35:06"
"PIVXTNUWHKTIPMD7LPUIF","PVXEALNS5VIVVCPWBMBRH","2020/06/05 17:35:19"
"PJ1IVUBF9UUVSPWKLXH50","P2T9YCPT0UMERIDNDCEJG","2020/06/05 17:35:37"
"PJJOO2GBS76C7VYM95NIM","PCREIEMDFT4VBSAIARFE0","2020/06/05 17:35:49"
"PJOWQY5Z85ZWUR8WDEFZV","PEZ7IGP1QI6P0QROA5NWG","2020/06/05 17:36:03"
"PJZRGTGHDHIJLBEBJ04Z9","PH7XULSYHFAOFAHMKSASF","2020/06/05 17:36:18"
"PKCCXPQVNID2SCO3P4WCV","PV4IJAHP87AOWRBHYIWPF","2020/06/05 17:36:39"
"PKGSU9KDBCDUXLVDGDND2","P5GE1OH7SNZQ08RPPWCSF","2020/06/05 17:36:54"
"PKHDHBT3KYL3YYN5R6KOG","P49JO0VD8BKOIDBBYLJHB","2020/06/05 17:37:24"
"PKS1SWJSF1ABJ96VPZJBT","PBZDXOF4LXA2HE9VUCHT9","2020/06/05 17:37:46"
"PKXBN2NMNOBARRTAH5NTO","P5J6JGWSV9KLTBB9EZD5X","2020/06/05 17:38:04"
"PLFLWRVTTAI7ZLWDCEKXO","P01DYPUHCCYM0PVLFBCYN","2020/06/05 17:38:21"
"PLHRODIRSZKVDHN7U1GZF","PYLUYSYWWIKB1VWUTXPE4","2020/06/05 17:38:40"
"PMDOMOTCZKK0XHUPM4CZA","PV5E9BLELWWUBRHFAMGEN","2020/06/05 17:39:12"
"PMIVLZ6CZV8KIAJPPV2B3","PHP6CL0B4T6GBD1XMUFRA","2020/06/05 17:39:31"
"PMJKEVOAWDXKLWDNEJ88R","PHTCHHWLGKOVV2UGNFI98","2020/06/05 17:39:58"
"PMM67R7BAZQ89BUCLQGNB","PISDO4ZECZRRMQKM8EFKK","2020/06/05 17:40:15"
"PNDGYCSXVCCZALNVOMLDI","PZGYD7TH673ZI5VDXVIK2","2020/06/05 17:40:34"
"PNF7SHTLYAZ0BHIZN8EPP","PBK126UVOGODLYFTOWFE0","2020/06/05 17:40:53"
"PNG3BTSXTHLG05C6J6HO1","POHMJB2A7RSBWPUVOHZC4","2020/06/05 17:41:13"
"PNMY0EVRK9RTUKMWYEM3V","PX5XIAVSY0BMTZEWFPVMV","2020/06/05 17:41:31"
"PNV1SYIHZZBPCDZQ6JTZ1","PDDDAMIYZNLSXYF0M8AIB","2020/06/05 17:41:51"
"PO8CDIPTGWHNM7ACYB3FN","PYP3L1HM7STKCHK6NEE1W","2020/06/05 17:42:08"
"PODQLGZEHIAQJTYRXANW9","PA8XFUJSX68GACOWH9DZ1","2020/06/05 17:42:30"
"POEZHZRGOY6J19XNVXLXJ","PHJYJZAXMHYOMJMVPSTLF","2020/06/05 17:42:48"
"POLJ1FWGNFSZYFIHRP52R","PG8AV8IC5VNTZC1H1IVSF","2020/06/05 17:43:05"
"PPAOGOIJHKEKAKH4XR0XC","PRTJ9EHRJZTLGWFEFFGJX","2020/06/05 17:43:40"
"PPGCWEM9GEU2FNUVMVU0Z","PJZGQ2ZNLOFN7NAUDWK31","2020/06/05 17:43:57"
"PQ6YWAI1IFYH7KUWJPZJL","PYKQQR7U5URNKDTEWEWKC","2020/06/05 17:44:17"
"PQKC61ZJCMMRYVSECMEZN","PHCB2J3GO7J1NRWHKFRIA","2020/06/05 17:44:36"
"PQMUWJGDAVV7EN2WKWDW2","POXDDH7JCQ0BHBQHTC9UR","2020/06/05 17:45:02"
"PRSIXNWUZRIRINL9EY59K","PMAYYZMICCJVICJ0EJEXQ","2020/06/05 17:45:22"
"PS7XEWKXPP76OFPOVTYGB","PTCVNDECIUX19VIRIBC75","2020/06/05 17:45:45"
"PSNCILTKH6NCNNM3N00J4","PJOAFBGVJEVHN2ECK1MKO","2020/06/05 17:46:09"
"PSR6NWXF2FWJAVRDPTSPD","PKUY1EQJOQYVTG0AM7DF7","2020/06/05 17:46:30"
"PSZR4LYCO7YJB64I9G5AU","PY5DGCQPFZOAUYS4EDMVB","2020/06/05 17:46:50"
"PSZX798REYXO4I61QJA4Z","PUTSRVW11JHYXQIEEKKTQ","2020/06/05 17:47:07"
"PT58ZP7SC6G6N64TODTK4","PW8IPI8DLINZMGR0NKKPJ","2020/06/05 17:47:26"
"PTECUTEAPAHHKCDFMLL0Q","P1U9T0FLUVSKARFULSQ3H","2020/06/05 17:47:48"
"PTRADO75CYBGNXCMVJS4C","PJBT94JPZBZ8G04KOIB4K","2020/06/05 17:48:08"
"PTXF2DAMX5YIGQUAUC5OQ","PGCGG7LCGUSQPJJLD4NSQ","2020/06/05 17:48:27"
"PURNXOZLZWLNGTD8BACMR","PHQAVG83HUHZWZEN4U5Y5","2020/06/05 17:48:48"
"PV4FLSQXUFY3QT8AUJLKE","P8TJAW9OPVEFQKF0WFTIY","2020/06/05 17:49:26"
"PVCQBALDTVUZMLQWSN8F6","PPDQ0BQBPIEBQQIWWEKZS","2020/06/05 17:49:45"
"PVH7PQIUZAYVCTEHRXKPO","P0UMX2RKDSXCQ3DHZSQWV","2020/06/05 17:50:03"
"PVNX2Z2WYXNLQXZEFYDVD","PYZ8G3CW6KLQGTLOUJNEH","2020/06/05 17:50:22"
"PVRDPUC0VCLRAEEFKSSKJ","PKDYUF1NZCWIK6W0NT1DQ","2020/06/05 17:50:41"
"PVRFWQ558AOLJ456YIZJ1","PHATUSG2WBHYE9TMIUZ9Y","2020/06/05 17:51:01"
"PVRPH0GUCELFL3UNQICYY","PJBYI7U4JJU2HKIVSLDN9","2020/06/05 17:51:22"
"PVXM1HWNY80QS0K13H02V","P1QTIBLNK0PGURK3PC1ZN","2020/06/05 17:51:44"
"PW37LJFUDSAYXPPHOQN5L","PNHU9TFBVRMGN5SPMTF5F","2020/06/05 17:52:25"
"PW9KU4KCBF45AQ5BOFFWO","PIUVQ42FYAMK5YKXLIKZD","2020/06/05 17:52:45"
"PWBLLNZLATNDN77TVWRTJ","PU0BULDPRFSRKC3YEZ8YS","2020/06/05 17:53:05"
"PWRAD84FDSRVEZZPEOYH0","PS5FLWXODCSOLCE2PYEQK","2020/06/05 17:53:21"
"PX5IP5KLGTLVIPS6TUZKF","PNIB4DMSSBPOEVYFMJL8H","2020/06/05 17:53:49"
"PX6UPZVVNFIJ8CLREUQRZ","P3RJP1V9LUTRTLUDHQCH6","2020/06/05 17:54:26"
"PXBQBPRCJFHS9IADDUKTP","P2YSKT4HSPOIPM8TVP6CU","2020/06/05 17:54:48"
"PXGTKGZD01BYUPMWUUEFM","PFRIPTFWPQBRD1OSUNQZ7","2020/06/05 17:55:18"
"PXHDYVCBWR8GNHGK7LLDY","PISJYLK7AYC65UGICQ6WH","2020/06/05 17:55:33"
"PY6PJI9KACQVIN5FBEZHM","PQ1VE4VRIM7LYXCHFKGBJ","2020/06/05 17:55:48"
"PYJNGTLKZ8AJZJUV6WNEN","PFJXKMP7IP8NSJC89PILB","2020/06/05 17:56:08"
"PYYRBDGZQ8RT907C2WTJA","PWLZVTODNXZW3PTVHWTPH","2020/06/05 17:56:25"
"PZ0EUZ9XECOF7V9ZR4R7E","PEPNRL04PZSAKDCP8TKFD","2020/06/05 17:56:46"
"PZSCMBBPGRRI6CTKZ5CV9","P4P0S29PAN3HTUFWKHAPX","2020/06/05 17:57:03"
"PZSD5ADVNT1WMDFJSAC0B","PSKLSILKTUIVOTCTWZEGL","2020/06/05 17:57:25"
